Workbook

Sheet Assumptions
A1: Periods | B1: 12
A2: Start Date | B2: 45658
A3: Starting Revenue ($) | B3: 1000000
A4: Monthly Growth % | B4: 0.05 | C4: 0.05 | D4: 0.05 | E4: 0.05 | F4: 0.05 | G4: 0.05 | H4: 0.05 | I4: 0.05 | J4: 0.05 | K4: 0.05 | L4: 0.05 | M4: 0.05
A5: COGS % | B5: 0.6
A6: Tax Rate | B6: 0.25
A7: Horizon End | B7: =EOMONTH(B2, B1 - 1) -> 46022

Sheet P&L
A1: Month | B1: =Assumptions!B2 -> 45658 | C1: =EDATE(B1, 1) -> 45689 | D1: =EDATE(C1, 1) -> 45717 | E1: =EDATE(D1, 1) -> 45748 | F1: =EDATE(E1, 1) -> 45778 | G1: =EDATE(F1, 1) -> 45809 | H1: =EDATE(G1, 1) -> 45839 | I1: =EDATE(H1, 1) -> 45870 | J1: =EDATE(I1, 1) -> 45901 | ... M1: =EDATE(L1, 1) -> 45992
A2: Revenue ($) | B2: =Assumptions!B3 -> 1000000 | C2: =B2 * (1 + Assumptions!C4) -> 1050000 | D2: =C2 * (1 + Assumptions!D4) -> 1102500 | E2: =D2 * (1 + Assumptions!E4) -> 1157625 | F2: =E2 * (1 + Assumptions!F4) -> 1215506.2 | G2: =F2 * (1 + Assumptions!G4) -> 1276281.6 | H2: =G2 * (1 + Assumptions!H4) -> 1340095.6 | I2: =H2 * (1 + Assumptions!I4) -> 1407100.4 | J2: =I2 * (1 + Assumptions!J4) -> 1477455.4 | ... M2: =L2 * (1 + Assumptions!M4) -> 1710339.4
A3: COGS ($) | B3: =B2 * Assumptions!B5 -> 600000 | C3: =C2 * Assumptions!B5 -> 630000 | D3: =D2 * Assumptions!B5 -> 661500 | E3: =E2 * Assumptions!B5 -> 694575 | F3: =F2 * Assumptions!B5 -> 729303.75 | G3: =G2 * Assumptions!B5 -> 765768.94 | H3: =H2 * Assumptions!B5 -> 804057.38 | I3: =I2 * Assumptions!B5 -> 844260.25 | J3: =J2 * Assumptions!B5 -> 886473.27 | K3: =K2 * Assumptions!B5 -> 930796.93 | L3: =L2 * Assumptions!B5 -> 977336.78 | M3: =M2 * Assumptions!B5 -> 1026203.6
A4: Gross ($) | B4: =B2 - B3 -> 400000 | C4: =C2 - C3 -> 420000 | D4: =D2 - D3 -> 441000 | E4: =E2 - E3 -> 463050 | F4: =F2 - F3 -> 486202.5 | G4: =G2 - G3 -> 510512.62 | H4: =H2 - H3 -> 536038.26 | I4: =I2 - I3 -> 562840.17 | ... M4: =M2 - M3 -> 684135.74
A5: Taxes ($) | B5: =B4 * Assumptions!B6 -> 100000 | C5: =C4 * Assumptions!B6 -> 105000 | D5: =D4 * Assumptions!B6 -> 110250 | E5: =E4 * Assumptions!B6 -> 115762.5 | F5: =F4 * Assumptions!B6 -> 121550.62 | G5: =G4 * Assumptions!B6 -> 127628.16 | H5: =H4 * Assumptions!B6 -> 134009.56 | I5: =I4 * Assumptions!B6 -> 140710.04 | J5: =J4 * Assumptions!B6 -> 147745.54 | K5: =K4 * Assumptions!B6 -> 155132.82 | L5: =L4 * Assumptions!B6 -> 162889.46 | M5: =M4 * Assumptions!B6 -> 171033.94
A6: Net ($) | B6: =B4 - B5 -> 300000 | C6: =C4 - C5 -> 315000 | D6: =D4 - D5 -> 330750 | E6: =E4 - E5 -> 347287.5 | F6: =F4 - F5 -> 364651.88 | G6: =G4 - G5 -> 382884.47 | H6: =H4 - H5 -> 402028.69 | I6: =I4 - I5 -> 422130.13 | ... M6: =M4 - M5 -> 513101.81
